ID,Type,Utterance,Dialogue_Act,Dialog_Act_1,Emotion
206_0,T,"Yeah, okay. All right. What was your relationship with your teachers? And maybe those that some of the peers that you had at the school? I mean, was there any?",irq,,
206_1,P,"No, I usually I've been dealing with the teachers. Honestly, I was always the class clown. So I'm usually getting kicked out, getting detention, you know, so I didn't really get along with the teachers trying to teach class right stuff. ",id,,
206_2,T,Okay. So overall today are you pursuing or do you want to further your education,irq,,
206_3,P,"Yeah, I'm trying to get in college.",id,,
206_4,T,"Right. Yeah. Great. So you're looking into for year junior college,",crq,,
206_5,P,"yeah, a dream college.",cd,,
206_6,T,"And what would be like, give me a little bit during the time that you were in school. Did you have a job heavy work?",irq,,
206_7,P,"I was working at cost wise, It's a restaurant Through the school, okay, and it was not like a job program, right, package of knives and forks and wrapped in salt and pepper and would send them over to the school. I mean to the restaurant. ",id,,
206_8,T,You sent over to the restaurant.,yq,,
206_9,P,Yeah.,ack,,
206_10,T,"Okay. So you would prep everything, you know, all the tensile Ready? ",yq,,
206_11,P,Yeah,ack,,
206_12,T,"Okay. Now, when you were working, how did that make you feel when you're working?",irq,,
206_13,P,"You know, I got boring at times, obviously And because the Patriots were also really small. ",id,,
206_14,T,but it was the start?,yq,,
206_15,P,"Yeah, it was a start. ",ack,,
206_16,T,Right. And so how did it make you feel good? Because you work for something And then the finished product was your paycheck.,yq,,
206_17,P,Yeah.,ack,,
206_18,T,"So if you want something in life, you pretty much have to work for it work for a car or not You have to work at a young age. How old were you when you started working?",irq,,
206_19,P,10 years old,id,,
206_20,T,"10 years old and then you started working and As a program for the school, so you know, you've known at a young age that it's going to take hard work,",gc,,
206_21,P,yeah to achieve something to achieve something.,gc,,
206_22,T,"Now, what about your dream job? What would be if tomorrow you could say, I'm gonna have this person tomorrow? Or this is my profession tomorrow? What would be your dream job? ",irq,,
206_23,P,A pilot,id,,
206_24,T,Wow.  And when what was what's your reasoning behind that?,irq,,
206_25,P,I love airplanes I used to make smaller airplane,id,,
206_26,T,Tell me more about that. What would you do in your dream job?,irq,,
206_27,P,"I just want to fly by being in the end, I like going fast.",id,,
206_28,T,"Fast in the air and being above Yeah, I think being able to see different view. So pilot Have you looked into what it would take to become a pilot.",gc,,
206_29,P,"You know, the only struggle with thatI dont have to drink, I don't think this will work out",gc,,
206_30,T,What is you next dream job?,irq,,
206_31,P,A cop.,id,,
206_32,T,"Police Officer, have you looked into that what it takes?",orq,,
206_33,P,yeah trying to get back into this cadet program I was doing for about three weeks ago was doing it but was too far. So to kind of really go forward in my area,od,,
206_34,T,"right maybe that's something we can discuss to help you find the cadet program close fine. We're able to give you a, you know, some goals to set to get you in the program at that. But let's look at you know, back, let's back up a little bit to the marijuana. Because you and I know being in law enforcement, you know, marijuana and being a cop, pretty much ",gc,,
206_35,P,"Yeah, yeah. ",ack,,
206_36,T,And you would have to what would you have to do?,irq,,
206_37,P,"Let it go, I have to let it go. ",id,,
206_38,T,"So, what we want to do while you're here, you know, we want to help you here develop a treatment plan and treatment model where you can pursue some realistic goals. We want to set some goals for you. Also, what about your medical History tongue a little bit about your medical history. Have you ever been in the hospital? Has anything ever happened to a broken bone",irq,,
206_39,P,I had surgery on my cybereason,id,,
206_40,T,"What about in your family? Is there any diseases in your family and you want to know suffer for any illnesses, ailments. Okay. And as far as medical attention is there anyone that needs medical that needed medical attention in the past maybe someone on meds in your family psychological health? Was there anyone maybe that has gone to therapy that has been in therapy Your family and family member",irq,,
206_41,P,No.,on,,
206_42,T,"And what we want to do, what I want to do to help you with this verse is one want to develop a treatment plan to help you with the marijuana use. We want to be able to look at your support system, you know who's in your life right now? What are your friends that you smoke marijuana with? What type of people are they? Would this be a good fit for you? But our whole goal is to start you off with small steps. So today, you're using marijuana how many times a day. So you pretty much said you use it every day. ",yq,,
206_43,P,Yeah.,ack,,
206_44,T,But how many times?,irq,,
206_45,P,3-4 times,id,,
206_46,T,Do you wake up and you do?,irq,,
206_47,P,"yeah. It's not my morning routine. Go ahead and do it. And then usually around noon time I'll do it again and then towards five o'clock. I'll do it again at nighttime in Fargo. They'll do Again, right",id,,
206_48,T,so one of maybe one of the realistic goals is you're okay you know we can we can narrow down maybe the relationship see which of your friends right now today? How many of them smoke,irq,,
206_49,P,about six seven,id,,
206_50,T,Yeah so maybe a realistic short term goal is to begin to see which friends to hang out with you know and then also your mom man either way she,gc,,
206_51,P,"She told me before you fall into the wrong crowd and fall into something just she pretty much said that this if I keep this up is gonna get me into something I don't want to get into right now jail time round because we makes you do things that you shouldn't be doing for other things legal, right so,",gc,,
206_52,T,"so definitely we want to look at your whole peer relationships who your friends are We also want to look at your your time right now. So, you mentioned earlier that you were working. Are you working today? ","yq,id",,
206_53,P,No.,on,,
206_54,T,"Okay, so maybe that's another thing a realistic goal that we need to look at, and maybe help you pursue is it as a job? Maybe because the idle time sometimes can trigger events, you know, where you begin to want to use marijuana, and then we can identify some of the emotions that you're feeling. Let's go over that maybe briefly. Before you get before you smoke marijuana, is there a feeling that you have that says, hey, you depress, so we can look at the depression and see how we can treat that. What else? What are some of the other feelings that you see?",irq,,
206_55,P,"so angry, You know",id,,
206_56,T,what you think?,orq,,
206_57,P,"Be a bit boring, but my girlfriend So it's kind of a start. So it still bothers me as much as I'm trying to ignore it. Instead, it still bothers me. ",od,,
206_58,T,Right? There's a certain days that maybe perhaps you remember or events,"ack,od",,
206_59,P,Like Thanksgiving and Christmas and holidays and things like that.,gc,,
206_60,T,That's when you become angry.,crq,,
206_61,P,Yes.,ack,,
206_62,T,How you were brought up?,irq,,
206_63,P,"Yeah its like that I don't appreciate my foster parents. Right? But just with Billy, I've been born with my biological right.",id,,
206_64,T,"So we want to we want to maybe will equip you with some coping skills, how to cope with those things, how to prepare you maybe for the holidays, maybe there's a way we can, you know, we can begin to look at that. During the holidays. This is these are the emotions I feel. So we identify those emotions and we'll be able to, you know, take care of that we'll be able to prepare you prior to you are you falling back into the trap of going out and using marijuana Maybe during Christmas? Do you feel the same way during Christmas?","yq,id",,
206_65,P,Yeah,ack,,
206_66,T,"Maybe even your birthday, Father's Day, Mother's Day, these are all things that we can kind of get you ready for. Because once again, it's gonna take small steps, realistic goals. And then what we want to do after that the real estate goals is just get you ready, you know, for long term goal. But you know what, Curtis? I'm glad you came into my office. It was great meeting you. I look forward to working with you. ",id,,
206_67,P,All right.,ack,,
206_68,T,Is there any other questions that you may have for me? Is there anything?,irq,,
206_69,P,How many times a week Am I going to be allowed to come?,irq,,
206_70,T,"What Well, we can do we'll set you up with a treatment plan. And then I'd like to meet at least have two contacts with you your week. We can go over that. And then maybe during one of the context, we can help you with one, help you with a job. Okay? And then identifying some of the emotions. And then maybe we can get the whole marijuana use, we can begin to kind of taper it down instead of seven, you know, everyday. Yeah, we'll begin to see how we can take with that. Okay, we're down but again, I'm glad that you came. It was a pleasure meeting you and we'll be in touch and we'll be able to do it again.",id,,
206_71,P,Okay. All right.,gt,,
