,ID,ID,Type,Utterance,Dialogue_Act,Emotion
0,170_0,170_0,T,"Hi Joe, How are doing today?",gt,
1,170_1,170_1,P,I am alright,id,
2,170_2,170_2,T,Just alright?,crq,
3,170_3,170_3,P,"I mean obviously I'm not doing great I you know asked you to have this session we didn't we weren't scheduled for today. I just I don't know I just I'm feeling you know, depressed as usual but it's just it's stronger and I'm just feeling I just don't want to wake up I just",cd,
4,170_4,170_4,T,rough time of things?,crq,
5,170_5,170_5,P,Yeah,ack,
6,170_6,170_6,T,what was causing it?,irq,
7,170_7,170_7,P,"Not really. I mean, it's just the same except one You know, like, I just I feel like what's the point? I don't feel like continuing on.",id,
8,170_8,170_8,T,You don't feel like continuing with your life.,crq,
9,170_9,170_9,P,"Yeah, kind of",cd,
10,170_10,170_10,T,Have you been having thoughts of suicide?,yq,
11,170_11,170_11,P,"I mean, I think about what it would be like to just end things. I think it would be a lot easier. But at the same time, like, I can't imagine doing it. But you know, I can't say I haven't thought about it. ",id,
12,170_12,170_12,T,"So you have some thoughts about it, what prevents you from doing it?",irq,
13,170_13,170_13,P,"I don't know. I mean, I guess I know what it would be like for my family. I don't want to hurt them.",id,
14,170_14,170_14,T,They would be hurt?,crq,
15,170_15,170_15,P,"Yes and it's scary, I mean, the thought of dying is scary, but the thought of going on is painful.",cd,
16,170_16,170_16,T,So it almost sounds as if by squaring it down a bit.,id,
17,170_17,170_17,P,"Yeah, I kind of feel like I'm stuck between a rock and a hard place. Like I just don't know where to go from here.",id,
18,170_18,170_18,T,Have you worked out in a specific plan or so?,yq,
19,170_19,170_19,P,"No, I mean, you know, you know, I thought like if I were to do it, you know, ways but not not specific because I just don't think that I could do it, you know, like, I don't. I thought about suicide, but I don't like, seriously consider it as an option. But it's starting to like creep into my thoughts. And it never has before so that I'm like, kind of concerned about that. Like, I guess I know. Sometimes people like really planted and but for me, I've it's an I've never really considered it before so it's really scaryfor me. ",id,
20,170_20,170_20,T,"So, this how long been going on this feelings?",irq,
21,170_21,170_21,P,"Um, I think like in the past couple of days, it started you know, more so and then like today, it was just like the first thought in my head and I couldn't stop thinking about it and that's why I wanted to see you because I'm just feeling I'm starting to feel like a little bit out of control.",id,
22,170_22,170_22,T,"Okay, so and today and maybe the past few days been kind of new feeling that a new thought you don't want to continue life continue living. But at the same time, you don't want to commit suicide. You don't have a plan.",id,
23,170_23,170_23,P,"Yeah, I don't want to I, I really don't want to but, you know, like I said, I feel like I'm stuck between a rock and a hard place like it. It's not, I know it's not a good option. I just like Sometimes I feel like I'm so stuck. I just don't know where else to go.",ack,
24,170_24,170_24,T,"So if, we'll call it feeling depression, right, because that's what we've talked about before, is the depression will go away? Do you think that would change your outlook on?",yq,
25,170_25,170_25,P,"Definitely, I think that is like the reason why I, the reason why the thought of not living anymore comes into my head is because of my depression because I just feel so like, my emotions are out of control, because I wake up feeling so down and so useless and pointless, that it makes me wish that I was dead. But if I didn't have that feeling, then I wouldn't wish that I was dead. Because I know that my life has value and I know that my family would want me around and I know there's a future for me, but my feelings make me feel like my future is just dark and pointless",id,
26,170_26,170_26,T,"Alright these suicidal ideations I know you're, you're telling me you haven't had them before, so I can appreciate that they're scary. They could be scary, even if you hadn't had them before, are fairly common with depression. And you've, it sounds like what you're really saying is you're frustrated, and you're tired of being sick. And I think that you make a valid point when you say your family would be upset if you happen to regularly talk about your family before and it would seem to be very upset. When I see your life has value. I want to try to hang on to that thought. After we're done here today, tell me what you have planned for us today.",id,
27,170_27,170_27,P,"Well, I didn't I didn't really have plans because I kind of you know, came here feeling like I really needed to see you so I kind of put things on hold but I mean, I guess I would go home and, and, you know, I'm not really sure. ",id,
28,170_28,170_28,T,Anywhere else you will go?,yq,
29,170_29,170_29,P,"No. But, I mean, I probably could go to my parents house if I needed to, I could probably call them in and see, you know, it's getting close to the afternoon so they get off work soon.",on,
30,170_30,170_30,T,Can you do that for me? Can you go there?,yq,
31,170_31,170_31,P,"Yeah, I think that's a good idea.",op,
32,170_32,170_32,T,"And we'll kind of play by here from that point. I'm going to see you today. We'll we'll do some work today. Well, I'll see you again tomorrow. All right. So if you could spend a night there that that would be a wiser choice, given your thoughts and your feelings right now. Have you ever haven't used the term contract for safety?",irq,
33,170_33,170_33,P,I think you mentioned it before. I'm not really sure.,id,
34,170_34,170_34,T,"Okay. So what it means is you kind of an only if it's authentic, I want this to be true is kind of where you promised me that you're going to be safe until I see you again, right for the foreseeable future that you don't have any intent or plan to harm yourself. Can you make that promise to me now? ",yq,
35,170_35,170_35,P,Yeah,op,
36,170_36,170_36,T,Okay. All right. So give me a minute and I'll come back and overcome a bit today. And now I'm going to schedule you see tomorrow as well.,id,
37,170_37,170_37,P,yeah.,op,
38,170_38,170_38,T,okay,ack,
39,170_39,170_39,P,Thank you.,gt,
40,170_40,170_40,T,"Thanks, Joe.",gt,
