,ID,ID,Type,Utterance,Dialogue_Act,Emotion
0,207_0,207_0,T,"Hello there. My name is Dr. Betty. I'm one of the new GPS in the practice. First of all, what would you like me to call you?",gt,
1,207_1,207_1,P,"Well, you can call me Barbara. That'll be fine. ",gt,
2,207_2,207_2,T,"Okay, that's fine. Okay, so, Barbara, I'm seeing you today. But I think it's usually Dr. Brown that sees you. Is that right?","gt,irq",
3,207_3,207_3,P,Yes. Dr. Brown is my doctor.,id,
4,207_4,207_4,T,Okay. What is it this boy you see me today?,irq,
5,207_5,207_5,P,"Well, I've come about my tummy problem. I've got terrible trouble with my stomach. And Dr. Brown just doesn't seem to be able to get to the bottom of it. I thought perhaps I'd come and see you to see if you could help.",id,
6,207_6,207_6,T,Right. Okay. Can you tell me a bit more about your tummy problems?,irq,
7,207_7,207_7,P,"Umm Well, I have this terrible discomfort nearly all the time. It very often feels bloated. I I swing between being constipated and having diarrhea. I have sort of cramping feelings sometimes and other times it stops. It's a real stabbing feeling. I often have the urge to go to the toilet, and and I pass very smelly wind.",id,
8,207_8,207_8,T,So quite a few symptoms and some of them sound more troublesome to you.,crq,
9,207_9,207_9,P,Yes. Okay.,ack,
10,207_10,207_10,T,And how long has this been going on?,irq,
11,207_11,207_11,P,"Well, I I've traced it back to a holiday I had in Egypt about four years ago. I had a horrible bout of sickness and diarrhea And I don't think my stomach's ever been really right since then.",id,
12,207_12,207_12,T,Okay. Okay. So you think it began about four years ago after this holiday?,yq,
13,207_13,207_13,P,"Yes,Yes.",ack,
14,207_14,207_14,T,Okay.And What sort of treatments have you tried for this before?,irq,
15,207_15,207_15,P,"Well, Dr. Brown gave me some muscle relaxants at the beginning. But I've been to the health shop and and they've been really helpful. They've given me lots of different tablets and medicines for different things. Now oh and Imodium, I have Imodium in my hand back all the time, just in case, right.",id,
16,207_16,207_16,T,"So these different tablets that you've got from the herbal shop, how are you taking them? ",irq,
17,207_17,207_17,P,"Oh, well, different tablets. You know, I don't have the same problem every day. So I'll take some tablets for certain symptoms, right. Other tablets for other things.",id,
18,207_18,207_18,T,"So my my writing thinking you perhaps decide on a day to day basis, what you're going to take depending on what your stomach's doing. ",yq,
19,207_19,207_19,P,Yeah,ack,
20,207_20,207_20,T,okay. Okay. And what About tests if you have any tests for these problems.,irq,
21,207_21,207_21,P,"Yes, I had in the early days, I had a gastros,, guess. ",id,
22,207_22,207_22,T,they're are the gastroscopy?,crq,
23,207_23,207_23,P,"yes, And at the same time, I had a barium enema, right, that was very uncomfortable. ","cd,ack",
24,207_24,207_24,T,Okay.,ack,
25,207_25,207_25,P,"But now I've tried you. I don't think he's tried enough tests because he said after that, that they didn't find anything. He's, he's just not sent me for anymore. That's it now, as far as he's concerned, sent me back to the doctor.",cd,
26,207_26,207_26,T,Right. sounds as though you're not happy with that?,irq,
27,207_27,207_27,P,"Well, you know, I think that actually, the NHS are running out of money out there. And he's decided that I've had enough tests small and  you know, if you go on the internet, there's loads of tests that he could have sent me for.",id,
28,207_28,207_28,T,Right,ack,
29,207_29,207_29,P,"If I had a bit more money, I'd go Private. I just don't think he's got to the bottom of it.",id,
30,207_30,207_30,T,So you feel as though actually enough hasn't been done in the way.,crq,
31,207_31,207_31,P,"He's not.  There's loads more he could do, I'm sure. Right. Okay.",cd,
32,207_32,207_32,T,"It sounds like you've had these problems now for about four years, you've you've got a lot of various symptoms in your stomach. You've tried a lot of tablets, some prescribed some herbal remedies, and you've had some investigations, but you're not entirely happy that you've been investigated thoroughly enough. Is that is that about it? So I got the stor?",yq,
33,207_33,207_33,P,Yes,ack,
34,207_34,207_34,T,"Right. Okay. And can I ask you, Barbara, how is all of this affecting you day to day, how's how's it affecting your life?",irq,
35,207_35,207_35,P,"Well, it's had quite, quite a big impact. I mean, the first thing the biggest thing, I suppose is that I, I went from being full time to part time at work. I just couldn't sit all day comfortably. And so in part time, In the end, I hope about a year ago I stopped work altogether, right. I missed that. I missed the girls we used to use least once a week night to the pictures or drink. That's one thing.",id,
36,207_36,207_36,T,That's something you quite enjoyed.,gc,
37,207_37,207_37,P,"Yes, yes. Yes, we just have a laugh. ",ack,
38,207_38,207_38,T,Okay.,ack,
39,207_39,207_39,P,"I used to go to swing in shape. I used to go to an exercise class that was I missed the exercise Actually, that was once a week, but you know, the thing was, I wasn't comfortable. Never felt quite right doing all this exercise. I was always worried I was going to be taken shorter So I stopped that.",id,
40,207_40,207_40,T,right,ack,
41,207_41,207_41,P,"Then well, my husband and I used to go out for meals. That's another thing we don't do anymore Now.That's Quite a few things really.",gc,
42,207_42,207_42,T,"Yeah, it does, It does sound as though over the last few years, your life has really changed quite a lot because of the symptoms. It's It sounds like you're doing very few of the things that you used to do. ",gc,
43,207_43,207_43,P,"Hmm, right. ",ack,
44,207_44,207_44,T,What is it you spend your average day doing now?,irq,
45,207_45,207_45,P,"Well, I put around the house. I spent perhaps a little bit too much time watching. I've got a bit hooked on daytime television, I have to say draw you in don't do. I read a bit the old magazines but generally I'm at home.",id,
46,207_46,207_46,T,"Right. Okay. Okay. And have you been any times of the last four years that you've noticed any significant changes in your symptoms for example, have there been any times when things have been better for you?",irq,
47,207_47,207_47,P,"Last year My son got married. And I have to say I was worried that that I wouldn't be able to cope with it that I wouldn't be feeling well enough. But surprisingly enough, I was in good form. I think it was about three weeks in the summer getting ready for it and the whole heart of the wedding, but I was in good, really good form for that. Yeah. That was a good time.",id,
48,207_48,207_48,T,Right. And how were you told me symptoms then?,irq,
49,207_49,207_49,P,I hardly noticed them. Yes. It seemed to clear up,id,
50,207_50,207_50,T,nice,gc,
51,207_51,207_51,P,"which was good,",irq,
52,207_52,207_52,T,"right, That's interesting And are there any times when you Tommy symptoms bother you More seem particularly bad?",id,
53,207_53,207_53,P,"Well, it's I'm having a bit of a bad patch at the moment. It's particularly uncomfortable. I have to say I do notice it when my husband's away. He, he travels with his job and he can be away a couple of times A month And that's not very often not good, then I have to say,",gc,
54,207_54,207_54,T,so you notice it's the worst when your husband's not around.,gc,
55,207_55,207_55,P,Maybe I'm thinking about it a bit more. I don't know when he's not there.,gc,
56,207_56,207_56,T,"Right. Now, you've been seeing Dr. Brown about this for the last few years. What is it that he's said that he thinks might be wrong here?",irq,
57,207_57,207_57,P,"Well, he he thinks it's all in my head. He's he says it's stress. ",id,
58,207_58,207_58,T,"Right Okay. Um, what do you think?",orq,
59,207_59,207_59,P,"Well, I mean, it can't all be in my head. I hit too much physical pain for it to be in my head. I mean, it's real. It's it's a real pain.",od,
60,207_60,207_60,T,And if you had any thoughts yourself about what you think might be causing it,orq,
61,207_61,207_61,P,"Well, I mean, I did think that perhaps it was an infection that hadn't cleared up in the early stages. But I think I mean, sometimes I think it's IBS friend of mines got that and it sounds similar. And then other times, I think, I wonder if it's an ulcer on a really bad day, I start to think it might be  cancer",od,
62,207_62,207_62,T,right,ack,
63,207_63,207_63,P,"My mother in law my mother in law died of cancer last year and she had a growth the doctor didn't investigate that by the time they found it, it was the size of a football and it was it was too late to operate them. So you know, when I go to bed at night now and I just feel and make sure there's nothing different going on And yeah, I worry about that.",gc,
64,207_64,207_64,T,"So you're, you're kind of prodding having a feel at night just to see if you can feel anything.",gc,
65,207_65,207_65,P,Yeah. So just want to make sure there's nothing changing down there You know,gc,
66,207_66,207_66,T,"Right. Okay. Okay. So just to make sure that I've got the story straight you've, you've seen Dr. Brown for couple of years, you've tried a variety of medications, some prescribed some from the herbal shop, and none of them really made a great deal of difference. You've had some investigations, but you perhaps feel you've not had enough investigations. And times you worried that this could be something quite serious like a cancer. Is that if I got the story, right,",gc,
67,207_67,207_67,P,yes,ack,
68,207_68,207_68,T,"Barbara, what was it that you were hoping that I'd do for you today?",irq,
69,207_69,207_69,P,"Well, I thought, you know, you're a new doctor here and you've just finished your medical training. I wondered whether you know, with new eyes and new way of looking at at the problem. You probably know about different tests and new tests that my doctor doesn't know about, you know, new developments, that perhaps you could send me for some different tests.",id,
70,207_70,207_70,T,Right. Right. So you're hoping that I'd send you four more tests?,irq,
71,207_71,207_71,P,"Hmm. Well, I think this, there's got to be something that tests might reveal. ","id,ack",
72,207_72,207_72,T,"Right. Okay. Well, I think Barbara having having heard his story and heard about the symptoms, I'm not sure that actually sending you for more tests at this point would be the most useful thing that we could do for you. And the reason for that is because you've you've had some of the main investigations in the last couple of years, and they've not shown anything. And you symptoms haven't really changed that much. So it's very unlikely that if we were to send you for more tests now that they'd show anything different than what we already know. So it'd be I think it would be a waste of time for you to go for more tests. ",od,
73,207_73,207_73,P,"So it's like, do you think it's all in my head that you're going to be like Dr. Brown, you think I'm imagining all of this?",crq,
74,207_74,207_74,T,"No, I think that you clearly have pain. And it clearly you have lots of physical symptoms and they clearly getting in the way of your life and causing you a lot of disability. I guess the way I think about these things is that they're not necessarily either all in the mind or all in the body. Sometimes these things can go together. I guess I'm thinking about how you told me that last year when your son got married, and you were very busy and quite happy that somehow your symptoms seemed less and when your husband's away, which is something you don't like very much. Sometimes somehow his symptoms then will seem greater. So I guess what I'm wondering, Barbara is if the might be some kind of a link with you between how you feel In your mind and what's going on in your life, and and how much you symptoms trouble you. Do you think that's a possibility?","on,irq",
75,207_75,207_75,P,"Well, I can't see that my mind can be causing this amount of pain.","on,crq",
76,207_76,207_76,T,"I'm not saying that the pains in your mind. I guess what I'm saying is that sometimes the way that we feel, and the way that our lives are going can impact how we notice our symptoms. Given that we've tried medication for you, and we've tried investigations, and we've drawn a blank really with those, none of those have really helped you. I guess I'm wondering whether now, it would be a good idea to try a different approach to your problems.","on,cd",
77,207_77,207_77,P,What sort of approach?,crq,
78,207_78,207_78,T,"Well, I guess, thinking a little bit about those other areas of your life. I'm thinking about the fact that over the last four years, your life's really changed. It seems to have been Really shrunk down. And it sounds as though you're not doing lots of the things that you used to do that you used to get pleasure out of, is that right?",cd,
79,207_79,207_79,P,"Well, I just can't do them. Yeah, I can't do them anymore.",id,
80,207_80,207_80,T,"And I guess I wonder it sounds as though you've you've dropped doing those things, because you felt you couldn't do them. But I wonder if in a funny way, what's happened is the fact that you're not doing those pleasurable things now, has kind of fed into you feeling unhappy with the way that that your life is at the moment. And I guess I wonder whether that can then make your symptoms worse for you?",irq,
81,207_81,207_81,P,"Oh, I don't know.",on,
82,207_82,207_82,T,"I guess what I'd be wondering is whether one of the approaches we need to be using now is thinking about what you do with your life and what you do with your day. And maybe trying to bring back some of those pleasurable things. Even if it's just meeting up with your female friends once a week. And whether actually doing those sorts of things might generally improve your quality of life. I'm also thinking about the tablets that you're taking. And the fact that you, you seem to be taking quite a lot of them and wondering whether it's worth of sitting and looking at them and maybe trying to rationalize them a little bit and really decide which are helping you, which are doing nothing, and which may actually be making some of these symptoms Worse, I guess. What would you think about trying that slightly different approach for, say, two or three months just to see whether or not it makes any difference?",irq,
83,207_83,207_83,P,"What two, three months is a long time if there is something going on, I mean, that's what happened to my mother in law, you know, they they left her and didn't spot it and",id,
84,207_84,207_84,T,"well, I guess, if we if we did decide to work together like this, this new approach, I'd be seeing you regularly, we can keep an eye on your symptoms and if they change then we can investigate as appropriate proof They stay the same, then, you know, we could be pretty clear that there's nothing new happening that that we're missing. How would that sound?",irq,
85,207_85,207_85,P,"So, what are you saying then that I should come back and see you",id,
86,207_86,207_86,T,"I think that would be a good idea. I think we've only just begun talk about it. And I think perhaps you need to have a bit of time to think about it, and then perhaps come back, perhaps if you booked him for a double slot next week. And that would give us a good chunk of time to think about this new approach. And perhaps if you could also bring your your tablets in or make a list of them. We can look at what you're taking and perhaps go from there. How would that sound Barbara?",irq,
87,207_87,207_87,P,"Okay, well, to make an appointment for next week, come back and see you again and talk about it a bit more.",id,
88,207_88,207_88,T,"Yes, I think so. I think that would be a good, a good start.",od,
89,207_89,207_89,P,And I'll make a list of the tablets that I'm taking here and bring all the bottles down.,gc,
90,207_90,207_90,T,Okay. All right. Okay. All right. So see you again next week,gt,
91,207_91,207_91,P,I'll make an appointment next week.,gt,
92,207_92,207_92,T,All right. Thank you Barbara.,gt,
93,207_93,207_93,P,"Okay, okay.",gt,
94,207_94,207_94,T,bye bye,gt,
