,ID,Unnamed: 0,ID,ID.1,Type,Utterance,Dialogue Act
0,74_0,0,74_0,167_0,T,So we're here today to talk about CBT and your experiences of it. How did you feel initially about the thought of going for CBT,gc
1,74_1,1,74_1,167_1,P,"my clinical psychologist has told me that I needed to see someone. I thought I didn't need to see someone because there was nothing wrong with me. I just had a heart disease. And I, my heart disease had got so severe and I was just tired and there was no one that could make it better. By listening to me or talking to me, the only thing I thought that could heal me was heart surgery. And when he suggested that I see someone, it didn't seem to make sense. But because I was so depressed, so far gone, I, my husband through my husband, I thought I try and just take a chance and just listen to someone or let someone Listen to me, because I wasn't sure what it entailed. I've never been to a clinical psychologist before. So to me as a clinical psychologist was a shrink, you must have had something seriously wrong with your brain that you needed to see a clinical psychologist, and I didn't need to see one. But when I did Mita and I realized that not being able to make up my mind by Waiting for surgery for heart surgery. I'm putting my name down on the list. I needed someone to help be accepted in order to get surgery done, because I didn't want to get surgery done and she listened to me and to the way I felt and what was making me whoa, hold back on surgery and what made me feel the way I did. And funnily enough, as a woman, you tend to feel that you can cry on someone else's shoulder. But for the first time, just letting my emotions out to her. She helped me cry and by me speaking to her, it helped me see myself from the inside. If that makes sense. I then I began to understand why I had to get heart surgery done wasn't because I was tired but I had my family and everyone that went through the road with me of suffering was mad so I needed to get it done. And then eventually I did put my name down on the list not knowing it would be done so quick because asked was just supposed to take me six to eight months to get heart surgery done. But when I started seeing my clinical psychology, I understood it, I put my name down and I got my surgery done in 30 days time. So it sounds like part of the clinical psychologists role with you is to help you to make your decision around whether to get surgery or not. Yes. But you also said that you were quite depressed at the time was the CBT helpful for your depression as well, it helped because then, instead of crying and holding things back emotionally, it helped me let things out. And by letting things out, it helped me understand what I was feeling because most of the time we bottle things up, we never let them out or we never talk to each other, or other people. So when we bottle stuff up, it makes it harder for us to figure out ways to solve problems. Sometimes it can be a little problem and we turn it into a big problem because we just don't communicate with other people or talk things over to make it easier to understand. And she helped me understand and I saw her before surgery right through my heart surgery and after heart surgery, and she helped me. By then by the time I started with heart surgery, I'd lost myself confidence. I was so depressed, I was so withdrawn. But after I had heart surgery, and I carried on seeing her, she helped me gain my confidence back again. She helped me gain my trust again, she helped me see that there was something worth loving for again. And a lot of times when I think of the things that are needed for me, it brings tears to my eyes and makes my heart swell up because I didn't know another person could do that for you. By just listening to you, you know, like when we go to mom when you got a problem and you think no one can understand, but my mom can because she knows what I'm coming from. But it's not to say that clinical psychologists are like that. But it's just the way they listen to you. Just having that someone that can listen to you and just be there and be still be quiet and let you express yourself. That's how and help you find out what problems are that you've got and help you solve those problems if they can.",id
2,74_2,2,74_2,167_2,T,"Was there anything about the CBT, in particular, that you found was helpful for you?","irq,yq"
3,74_3,3,74_3,167_3,P,"Dr. Penny was there with me every step of the way. With all the problems that I had, she helped me Show me that there's an easier way to solve everything and not make a big problem out of everything. There's always someone every step of the way that stayed to help if you need a helping hand. And that's how I in by the time I'd finished therapy with her, I found out that clinical psychologists are not just strings. They are people like us and they do feel like us and it's so much easier. To speak to someone when you're having problems because we all do in our lifetime breakdown sooner or later. If you don't have to be mentally ill, you can be in a car accident, any any problems in the home is something you can even have a death in the family that you can break down with. And you need somebody just to hear you how you feeling, because we all assume that somebody else naturally knows what I'm feeling or thinking. But it's not that way. We all have different","id, ack"
4,74_4,4,74_4,167_4,T,whether any drawbacks to going for CBT,irq
5,74_5,5,74_5,167_5,P,"in the beginning, I didn't. I didn't have any drawbacks going for CBT because I was so severely depressed, I needed it. And I found that they were people all around that would help me so there was nothing. The only thing that was stopping me was me.",id
6,74_6,6,74_6,167_6,T,Sounds like it was a good experience for us. If you go Any advice that you would want to offer anyone who is thinking now about going for CBT?,irq
7,74_7,7,74_7,167_7,P,"Yes. Don't look at the word CBT. But look at the person behind it. Because sometimes we see big words and we don't understand the meaning of those words. And we assume, but sometimes when we look behind the word, like clinical psychologists, I would have said a shrink and I would never have thought myself going to one because they deal with mental people. But it's not that it's, you can have suffered from depression. You can suffer from any kind of illness and it's so good to go to a clinical psychologist when you need them. Because one, sooner or later in our lives, we will need one and most people when you know like when you find younger people that nowadays, lots of young people are going under so much stress in life. If you haven't got a parent or a friend, and you're suffering from depression, those are the right people to speak to because It's good to be able to have someone in your life that you can talk to. Because I know there's no one in my family that I can talk to. I always think my husband would never understand me. My kids would never understand me. When I go to the doctor, he never has that enough time for me. But with a clinical psychologist, they make that time for you. And they listen to you, you've got you've got that time with them to express yourself and you still got follow ups, they can check on you and make sure everything's right. If you not, everything's not alright. They can always check and find ways and means to help you. get you in touch with other people that can help you or get in touch with other people that are in the same. Having the suffering from the same conditions as you and you can swap ideas with each other to find and live a happier life.",id
