,ID,Unnamed: 0,ID,ID.1,Type,Utterance,Dialog_Act,Dialog_Act_1,Emotion
0,99_0,0,99_0,39_0,T,"So let's talk about being cognitively active. You know, you're retired now. What did you used to do?",irq,,
1,99_1,1,99_1,39_1,P,I was a nurse for 44 years.,id,,
2,99_2,2,99_2,39_2,T,Okay. And it was up that kept you very busy.,crq,,
3,99_3,3,99_3,39_3,P,"It did it did. It wasn't just that I had five children and I helped my husband run of post office. So I was working 70 hours a week in those days because I did two nights night duty they were 12 hour shifts separated. And and then I worked in the shop. So several jobs. So for five years I did that so that was you know, and looked after the children in the house in that year.",cd,,
4,99_4,4,99_4,39_4,T,"Any now that you retired, you do do any voluntary work or",yq,,
5,99_5,5,99_5,39_5,P,"Yeah, I've got involved with things around the church with visiting the house bound and taking them out and things like that. And I still am one of my daughters decided to get me a job as a transport passenger assistant for special needs. On the many buses that go around needs. Yeah. So they were desperate for them. And she said, you'll be good at that mum. So that was signed you up. She signed me up. Because she worked. She was the manager. So I did that until I was 77. And I also did they 11 weeks of the stewarding for the abrsm music exams.",id,,
6,99_6,6,99_6,39_6,T,Yeah. And Have you always been like that?,yq,,
7,99_7,7,99_7,39_7,P,"Yeah, yeah.",op,,
8,99_8,8,99_8,39_8,T,Do you Have a lot of social support.,yq,,
9,99_9,9,99_9,39_9,P,"Yes, I do. Yeah. Yeah. Well, even more so now now that the children have press gang me into Facebook and WhatsApp. Wow. I mean, it's just, it's just full on around the world now, you know?",id,op,
10,99_10,10,99_10,39_10,T,"You international? Yes, yes. Yes. And I believe that you are an Airbnb host.",irq,,
11,99_11,11,99_11,39_11,P,Yes I do. Yeah. So the world comes to me that way. Excellent.,id,,1.0
12,99_12,12,99_12,39_12,T,Do you enjoy that?,yq,,
13,99_13,13,99_13,39_13,P,"And then I'm Facebook friends when they go home apparently in China and Brazil and Rome, and invitations to visit.",id,,
14,99_14,14,99_14,39_14,T,And you said you've got grandchildren and great grandchildren. Do you think that intergenerational contact is important?,orq,,
15,99_15,15,99_15,39_15,P,Very important.,od,,
16,99_16,16,99_16,39_16,T,Why?,irq,,
17,99_17,17,99_17,39_17,P,"Because you when you bring up children, you haven't time to see the world through their eyes. Or even really listen to them because you're too busy and preoccupied, but then grandchildren come along and more importantly now great grandchildren and seeing the world fresh through these new eyes is just it's quite mind blowing actually. So I've learned a lot. In the old days, grandchildren used to learn the grandparents knee but nowadays it's the grandparents learning at the grandchildren's knees now definitely Oh, yes.",id,,
18,99_18,18,99_18,39_18,T,Yes. And do you think it also benefits them to spend time with people of different different generations different ages?,orq,,
19,99_19,19,99_19,39_19,P,"Well, as I said they don't see it use age you see, yeah, which is very releasing. Because Well, it just is, you know, after the my generation the way I was brought up, to be seen and not heard and to sit in the parlor with a all these old people. And now, money going around flipping parks, you know, they adventure things and they're saying, Come on the slide with us and all this, you know, which I do. Which I do, I don't turn anything down. That's the secret.",od,,
20,99_20,20,99_20,39_20,T,not turning things down. Yeah.,crq,,
21,99_21,21,99_21,39_21,P,"Just always say yes. Yes. Good philosophy, except drugs, try everything. Try everything once.",cd,,
22,99_22,22,99_22,39_22,T,"What's your view on nutrition and kind of, you know, having a healthy diet?",orq,,
23,99_23,23,99_23,39_23,P,"I think I think the younger generation stress on it too much, far too much. When when do you think that if my generation are living to be 100 and we were brought up with dripping sandwiches, maybe With marbling in blah, etc, etc, full cream milk, all the rest of it. Why get stressed out? You know, just eat everything in moderation and enjoy life for goodness sake.",od,,
24,99_24,24,99_24,39_24,T,"Yeah. I quite like that phiosophy How do you minimize the effects of stress? Do you have any, you know, did you have any techniques or if something stressful happens? Is there anything particular that you do?",yq,,
25,99_25,25,99_25,39_25,P,"gin and tonic Oh, okay. I've got a very good thing if I'm really cross with somebody, and I'd really like to speak my mind to them. I'm very good at writing letters. I don't send the letter to them. But I do write it down and get it out of my system. And I keep it in a drawer in case one day, I might need to plunk it down in front of them. But it's You know, it's off, it's out of my head. And if I need to go to the doctor about anything, I will write down what I want to say to him, because I don't believe they listen to you all the time, especially a woman, if it's a man, Doctor, but you know, whichever they think, Oh, god, it's her again, you know? So I think, put this down and smile at him. He's got to read it.",id,,
26,99_26,26,99_26,39_26,T,"I think you're in your 70s. Do you enjoy being in your 70s? What was your favorite period of you know, in life? If you can, if there's an answer to that?",yq,,
27,99_27,27,99_27,39_27,P,"No, there isn't. You should just enjoy every day as it comes and not get hung up about age. Yeah, because I'm surrounded by 90 year olds now. And honestly, they're like, nine years old. We have the biggest laughs and they do the silliest things and you know, we feel as if we've been set free from actual age  You know, you're a mother set an example to the children, right? Oh, you're a daughter, you know?",id,,
28,99_28,28,99_28,39_28,T,So do you think it makes a difference? kind of moving on from those responsibilities kind of times of life. So when you when you are looking after your children? Is that what you mean by you feel a sense of relief later?,orq,,
29,99_29,29,99_29,39_29,P,"Yes. Because you're not, no one's judging you. Except that you're hanging around too long. But apart from that, yeah, no, it's it's good. I mean, I was brought up by a Victorian father who was a bank manager. And it was always just remember who I am in this town. You know, they were somebody in those days. You're my children. And, and then I went to a convent grammar. Just remember who you are girls, your convent grammar school girl, you know, so it didn't leave much to send it It didn't leave much pressure to Yeah. Yeah. So yeah, there's all these pressures as you're going through life. So it's nice to be and my husband died in his 50s so I had to reinvent myself, which was scary. Very scary after being a wife and mother all those years but my goodness me,",id,op,
30,99_30,30,99_30,39_30,T,I think it was either earlier this year or last year you did something quite big for a stranger.,irq,,
31,99_31,31,99_31,39_31,P,"Oh, the kidney donation? Yes. In February.",crq,,
32,99_32,32,99_32,39_32,T,This year. Yes. You donated a kidney to a stranger.,cd,,
33,99_33,33,99_33,39_33,P,"Yeah, gentlemen, I believe Yeah.",od,,
34,99_34,34,99_34,39_34,T,Wow. How did you decide to do that? We'll find out about that. And then,yq,,
35,99_35,35,99_35,39_35,P,"I found out on Facebook, okay. Don't ask me what the heading was but I'm already like most people donated after death. You know everything. I mean, I'm leaving my body to leave medical school as well, which hasn't pleased one of my daughters, but there you go. How can we agree with you? You're still hanging around? She said. So. So yes, so some of them were for it. And some of them, some of them weren't",id,,
36,99_36,36,99_36,39_36,T,and haven't going through the transplant the operation is quite a big thing to go through.,crq,,
37,99_37,37,99_37,39_37,P,"And I think all last year, I was doing tests, you know, everything from psychological tests to all the physical tests, and brain scans and everything scanned.",cd,,
38,99_38,38,99_38,39_38,T,"Yeah,",ack,,
39,99_39,39,99_39,39_39,P,"it was, it was better than 1000 mile service. And I thought, well, I'm doing this for the right reasons. I know that, but who knows, they might find something totally wrong with me. And that's the way I found out so it's a win win situation, I believe. Yeah. And you know that if they do accept you, and I was the oldest one that they've ever had this and it'll last 20 years. Apparently, a kidney can last 20 years. That Yeah, that was good. Yeah. So So win win",id,,
40,99_40,40,99_40,39_40,T,"I, I think I've asked most most things on my list that I wanted to talk about, is there anything that you think that I've missed that is worth covering in terms of the theme of living well for longer?",yq,,
41,99_41,41,99_41,39_41,P,"Well, I think if you can do something for somebody else for whatever reason, however tiny the comeback to yourself is, is just huge. But as long as you don't look for that comeback, but it just, it just is Yeah. And it also consolidates the reason why you're still alive that you know that you're not just taking up space on the planet. And that, you know, you should do something nice in January hopefully, tanden, Parrish Don't for Alzheimer's. So that's the plan we're animating",id,,
42,99_42,42,99_42,39_42,T,right? To raise money for ALzheimer's without shame this tandem jump out of a player. ,id,,
43,99_43,43,99_43,39_43,P,"Yeah. Wow. Yeah. Yeah, that should be good. not to take life so seriously right? Well, one You don't know how long you're here four and two nobody's that important to you know, the world you're not the center of the universe for goodness sake, you know, so just get on with things and it's like, I feel sorry with Facebook, you know, if they don't get enough likes, you know, it was ruin the day some people well, this is all false. It smoke and mirrors. One thing a friend did say to me that was very important and very proudly was saying that I now own my own house, you see? And she just laughed and she said, Do you think it really? night? Yes. You know? Oh, you taking it with you? Oh, yeah. She said if you don't own anything, she said it's smoke and mirrors all of it. Yeah, and it's true, isn't it? Yeah. So just laughing get over there.",id,,
44,99_44,44,99_44,39_44,T,Thank you.,gt,,
