,ID,Unnamed: 0,ID,ID.1,Type,Utterance,Dialog_Act,Dialog_Act_1,Emotion
0,98_0,0,98_0,38_0,T,"Hello, I have a seat. ",gt,,
1,98_1,1,98_1,38_1,P,Thank you.,gt,,
2,98_2,2,98_2,38_2,T,Hi. How are you today?,orq,,
3,98_3,3,98_3,38_3,P,I'm feeling fine.,od,,
4,98_4,4,98_4,38_4,T,"You're feeling good. It was great. All right. So, before we go into our session, let me tell you about myself. First, my name is Rashia Fauzia and people usually call me Rashi and you can call me by that name. And today I'm going to be your counselor for this session. Okay. Yeah. Okay, so one more thing I need to let you know is that everything that we're going to be sharing between the both of us is going to be confidential. So you don't have to worry about telling me all your stories.",id,,
5,98_5,5,98_5,38_5,P,"Yes, fine. Yeah, taking some notes. ",ack,,
6,98_6,6,98_6,38_6,T,Okay. See if that's clear. Now to begin this session. Maybe you can tell me about yourself.,irq,,
7,98_7,7,98_7,38_7,P,"Okay, so my name is Anya, and I'm 20 years old. I'm currently my sixth semester at Emory University. And we just came back from my exchange to manager in the Netherlands.",id,,
8,98_8,8,98_8,38_8,T,"Well, that's great.",op,,
9,98_9,9,98_9,38_9,P,"Okay. So ever since I got back from my exchange semester Actually, I've been feeling kind of anxious about graduating later than my friends because of the exchange semester itself. Because I need to take some extra subjects and that means I need to take an extra semester too. So the biggest possibilityis that I'm going to be left behind from all of my peers. So, that kind of make me anxious and yeah, I'm kind of butterflies at the back.",id,,-2.0
10,98_10,10,98_10,38_10,T,"Okay, so you're saying that you're feeling anxious and you're worried that that you're going to be left behind by your friends? The fact that they're in their graduate before you. So what is exactly bothering you is that you know, you think your friends are gonna all gore or the things that you need to catch up with some subjects that you left for your exchange program?",irq,id,
11,98_11,11,98_11,38_11,P,"Well, yeah, oh, the first one is because that I'm not ready yet to be left with all my friends, and then also because if I need to take an extra semester then it also means that I need to pay an extra tuition for the semester, right?",irq,,
12,98_12,12,98_12,38_12,T,"Oh, I see. Okay. Are you paying your tuition for yourself? Or is anybody supporting you?",yq,,
13,98_13,13,98_13,38_13,P,"Well, no, my parents paid for me.",id,on,
14,98_14,14,98_14,38_14,T,Okay. Your parents? ,crq,,
15,98_15,15,98_15,38_15,P,"Yeah. And that's why I feel bad for them to so that they have to pay for my tuition or a nice dry semester when actually it should be done in this like in my semester, but it's taken me years. Okay.",cd,,
16,98_16,16,98_16,38_16,T,But but does your parents know that they are has to pay another extra semester?,yq,,
17,98_17,17,98_17,38_17,P,"Um, no, I haven't. ",on,,
18,98_18,18,98_18,38_18,T,You haven't tell them?,yq,,
19,98_19,19,98_19,38_19,P,Yes.,op,,
20,98_20,20,98_20,38_20,T,Do you think you will tell them?,orq,,
21,98_21,21,98_21,38_21,P,"Yeah, I think probably I should tell them. ",od,,
22,98_22,22,98_22,38_22,T,"Yeah. And how do you think they will react to like, how can you think?",orq,,
23,98_23,23,98_23,38_23,P,"Well I don't think they will be mad or something, I think. I think they will be just fine with paying for another semester, but it's just that I feel I feel bad for them ",od,,-1.0
24,98_24,24,98_24,38_24,T,"Yeah, yeah, I understand. Okay. So, um, regarding tuition fee, you already know, you already aware that your parents are using that they're not going to be you know, taking it very seriously and you know, that they're gonna be just fine. That they have to be another extra semester for you. Okay, so relating to The thing that you mentioned before, what about now you're conditioned that you have to catch up with some of the subjects that you left behind for your exchange program. Are you doing okay with catching up with the subjects?",irq,id,
25,98_25,25,98_25,38_25,P," Well, yeah, actually, I I don't have any particular difficulties in catching up with the subjects. And yeah, I think I'm doing just fine. ",id,,
26,98_26,26,98_26,38_26,T,"You're doing just fine. All right. Okay. So from the story that I've heard from you, what I get is that your parents have no burden that they have to pay another extra tuition for one extra semester for you. Yeah. And that you're also catching up with your subjects just fine. There's no problems. Right. Yeah, that's true. Okay, and one more question. What about your thesis preparation?",irq,id,
27,98_27,27,98_27,38_27,P,"Well, actually, for this semester, I already taped This is preparing some Yeah. And I am done writing my first chapter.",id,,
28,98_28,28,98_28,38_28,T,"Okay. All right. That's, that's great. So you've, you've started out pretty well. So you already finished your first chapter. Mm hmm. Okay, so now summarizing, from all the stories that I've heard, the only issues I think that you're anxious and you're worried that you're going to be left behind by your friends. Yeah. And if I may suggest you I think you can, you know, write down the things or like make lists, the things that you've been done great during your seven year bachelor degree. Yeah, yeah. Cuz you know, right all year because you're, you went for an X Change program, and that's something to be proud of. You don't have to worry about you know, you have to catch up with the subjects and stuff because you can great jobs. You will On an exchange program, and maybe other friends that are going to be graduating soon be don't have the same experience as you are. So it's something that he has to be happy about. Okay. And maybe regarding your thesis preparation, if I suggest you you can make a timeline for your preparation so that you can visualize really about your exact plan towards graduating. So maybe it can also help you graduate faster. You know, it's possible. Yeah. Yeah. Like you can make. Maybe this month, I'm going to be I mean, you're going to be finishing chapter one and then go on until the last chapter. Does that sound good? No. Yeah,",id,,
29,98_29,29,98_29,38_29,P,I think that's a great idea.,op,,1.0
30,98_30,30,98_30,38_30,T,"Yeah, yeah. So do you have any other questions regarding our session today,",yq,,
31,98_31,31,98_31,38_31,P,I don't know. I don't think so,on,,
32,98_32,32,98_32,38_32,T,"Okay, that's great. Okay, so what I want you to do for the next session of our counseling, maybe you can already make the list of things that you've been doing great University in your bachelor degree. And also the second thing, you can make your timeline for your a thesis preparation. And then on the next meeting, you can show that to me, and then we can discuss whether that actually will help you really senior, you know, anxious anxiety and worried about your graduation. Okay. Yeah. Does that sound good? Yeah, I think that that's a great idea. All right. So thank you so much for today's session. Yeah. Yeah. Yeah. Thank you. So we'll meet again on the next meeting.",id,,1.0
33,98_33,33,98_33,38_33,P,Thank you.,gt,,
