,ID,Unnamed: 0,ID,ID.1,Type,Utterance,Dialog_Act,Dialog_Act_1,Emotion
0,103_0,0,103_0,42_0,T,"between here and there, obviously, if it were easy, you wouldn't need me, you wouldn't have 13 therapists. If this were easy you would have been to a life you wanted a long time ago. So it's obvious that it's easy it already be done. Because it sounds like you're a person with a lot of motivation works really hard, because there are very few people who wouldn't quit before 13 therapists. So that's a very good quality. The very fact that you've gone through all these therapists is a good sign for us. Nonetheless, it is difficult. between here and there, there's going to be hell. Exactly. Right. So I figure our number one priority has to be to get you to stay alive through house so that we can get to the life you want. If that's where we're at. Now. We got to have some sort of agreement, not by writing a contract. Because I'll fire you if you try to kill yourself that because we both sort of have to face the fact that to get there you got to go through there and to go through there you got to stay alive.",id,,
1,103_1,1,103_1,42_1,P,Okay what you guarantee that you can get you can call me and I'll guarantee I'll get myself,cd,,
2,103_2,2,103_2,42_2,T,What are you gonna do if I fail?,irq,,
3,103_3,3,103_3,42_3,P,"Beside break Mike. Okay. So if I don't help you, you'll kill yourself. Yeah, okay, but if I do help you Well",id,,
